id;name;bn_name;created_by;created_date;last_modified_by;last_modified_date;division_id
1;Executive Buckinghamshire plum;Extended utilize Fresh;lime;2023-10-01T21:19:20;Assurance Orchestrator open-source;2023-10-02T17:05:35;1
2;bandwidth frictionless Soft;GB;Versatile;2023-10-02T12:00:52;Computer;2023-10-02T04:36:05;2
3;Buckinghamshire;maroon indigo;Small Investor;2023-10-02T00:16:04;scale Games;2023-10-02T01:05:52;3
4;world-class innovative Business-focused;District Advanced;scale Norwegian;2023-10-02T16:04:26;Jewelery;2023-10-02T05:56:46;4
5;JBOD;Total;mindshare Gorgeous;2023-10-01T21:03:33;function invoice;2023-10-01T23:41:16;5
6;parsing Bedfordshire bleeding-edge;Future SAS methodologies;bandwidth ability India;2023-10-02T11:43:42;actuating;2023-10-02T15:52:37;6
7;Garden;Table;gold;2023-10-02T14:36:49;utilisation withdrawal;2023-10-02T09:03:47;7
8;Plastic;systems Intelligent firewall;JBOD Avon Industrial;2023-10-02T09:22:20;Yen;2023-10-01T21:56:37;8
9;violet green;Alley solid Zambian;Kyrgyz Frozen black;2023-10-02T17:33:46;deposit Philippines;2023-10-02T02:08:44;9
10;Accounts Executive Djibouti;Customer Hampshire;calculating Investment Bedfordshire;2023-10-02T05:54:19;Orchestrator Analyst Metal;2023-10-02T06:26:43;10
