id;name;pay_order_num_seq;pay_order_control_num;created_by;created_date;last_modified_by;last_modified_date
1;wireless International impactful;Optimization;Granite firmware;Shoes;2023-10-16T16:27:47;firmware standardization Borders;2023-10-15T23:35:20
2;Fresh;withdrawal Alaska;wireless grey;Bedfordshire infrastructure;2023-10-16T03:20:23;scalable overriding;2023-10-16T16:34:28
3;copy;Frozen;mesh projection;Berkshire copying input;2023-10-16T15:32:50;impactful;2023-10-16T08:57:25
4;up;Borders Buckinghamshire;Synergistic facilitate;extend parse;2023-10-16T12:20:31;Networked;2023-10-15T18:25:09
5;back-end;reboot;Infrastructure system Springs;Louisiana relationships motivating;2023-10-16T05:33:58;olive Kids;2023-10-15T19:44:08
6;Card;vortals Lucia applications;Frozen Shoes;red Reduced Savings;2023-10-15T18:25:10;AI;2023-10-15T23:13:52
7;methodologies;plug-and-play Generic;Turkmenistan;Uruguayo Brook;2023-10-16T15:10:13;Garden copy Berkshire;2023-10-15T22:55:20
8;Borders Health Response;markets Cambridgeshire;Innovative up;Future;2023-10-16T03:28:31;redundant JSON Borders;2023-10-15T22:34:33
9;Garden Republic;invoice Generic;Account;input extensible;2023-10-15T20:42:10;methodical pink Dynamic;2023-10-16T02:37:45
10;International Island;Credit International;capacity info-mediaries Money;HDD tan;2023-10-16T00:06:41;empowering lime Thailand;2023-10-16T14:31:23
